<?xml version="1.0" encoding="UTF-8"?>
<beans xmlns="http://www.springframework.org/schema/beans" xmlns:xsi="http://www.w3.org/2001/XMLSchema-instance"
        xmlns:p="http://www.springframework.org/schema/p"
        xmlns:context="http://www.springframework.org/schema/context"
        xmlns:mvc="http://www.springframework.org/schema/mvc"
        xsi:schemaLocation="http://www.springframework.org/schema/beans http://www.springframework.org/schema/beans/spring-beans-4.0.xsd
                http://www.springframework.org/schema/context http://www.springframework.org/schema/context/spring-context-4.0.xsd
                http://www.springframework.org/schema/mvc http://www.springframework.org/schema/mvc/spring-mvc-4.0.xsd">
                
    <context:component-scan base-package="e_kdy_pro">
    	<context:include-filter type="annotation" expression="org.springframework.stereotype.Controller"/>
    	<context:exclude-filter type="annotation" expression="org.springframework.stereotype.Service"/>
    	<context:exclude-filter type="annotation" expression="org.springframework.stereotype.Repository"/>
    </context:component-scan>
	
    <bean id="viewResolver" class="org.springframework.web.servlet.view.InternalResourceViewResolver">
		<property name ="prefix" value="/WEB-INF/sample/"></property>
		<property name ="suffix" value=".jsp"></property>
	</bean>

    <!-- Spring MVC Configuration -->
    <mvc:annotation-driven>
        <mvc:message-converters>
            <bean class="org.springframework.http.converter.json.MappingJackson2HttpMessageConverter"/>
        </mvc:message-converters>
    </mvc:annotation-driven>
    
    <mvc:resources mapping="/js/**" location="/js/" />
   
</beans>
